{"PxmakrOOlMqqh9uDYLG6NQ==":"%D1%83%D1%81%D1%82%D0%B0%D0%BD%D0%BE%D0%B2%D0%BA%D0%B0-1046x698.jpg","fw6zWiJ5oz79jDCo/ffoYQ==":"%D0%BE%D0%BA%D0%BD%D0%B0%203-604x523.jpg","HQR+wwVnHCuzrUiZrJEtwA==":"%D0%BE%D0%BA%D0%BD%D0%B0%203-604x523.jpeg","op2LfmpDDhqW0pkz5R9r+w==":"%D0%BE%D0%BA%D0%BD%D0%B0%203-604x523.jpeg","+VVF2PDyyeqiuC53PIm9PQ==":"na_petlah-300x302.jpg","PsMz7x40oU3HQW9D7gZ1rQ==":"mosk_setki_dver-355x473.jpg","kfTusWZNtHYLcG+ZuRhXDw==":"moskitsetka2-961x527.jpg","4qwZZecDBoo8lCbEvdiZvg==":"htb1m1crkvxxxxcnxvxxq6xxfxxxa-600x600.jpg","7J6Bj/DAcyyTlOo4q9k2pQ==":"mosco-crop-u541-365x372.png","TDaBWm7QCHK5b9Ram3W4Ig==":"mosco-crop-u541-1-365x372.png","TqYUvh9UN/+fafnZAyHJlg==":"f4bb5ae29ee9f6167987cb37650d3415-1046x468.png","ifI6k0EwnQgy7hjmRYnnyA==":"f4bb5ae29ee9f6167987cb37650d3415-1-1046x468.png","pY1xsKULtIFFBeYKZ6jtHg==":"ramochnye-moskitnye-setka-2-1046x698.jpg","vRq2mXyxvdQGKebknhHdOg==":"f4bb5ae29ee9f6167987cb37650d3415-1230x550.png","ulVk8Q7/OkJHHZqNWIQYPg==":"images-275x183.jpg","7SjkYQKY34udAForYe0+zQ==":"1532964374_montaz-okonno-dvernih-konctrukciy-400x400.jpg","f9HufHPmIwzds4oCiNVUVw==":"766bbee1acc1e3d7e088150694c6c3a1-982x532.jpg","VaYdXO7WzIe8+WJh7MlORg==":"404-800x533.jpg","gKNTDpRuUZfM0Tkk/UEA/g==":"muj_obuv-1000x750.jpg","h2aBd9tjF4J72IitViCHpg==":"zh4-700x454.jpg","c+eNL/auwAghmXcYIOy2lw==":"%D0%B7%D0%B0%D0%BC%D0%B5%D1%80%20%D0%BC%D0%BE%D0%BD%D1%82%D0%B0%D0%B6%201-2000x655.png","zPScdxi+XilStZ5Uxbudkw==":"%D0%B7%D0%B0%D0%BC%D0%B5%D1%80%20%D0%BC%D0%BE%D0%BD%D1%82%D0%B0%D0%B6%201-1086x356.png","+pLYazonnJNfNp1ploOTzg==":"%D0%B7%D0%B0%D0%BC%D0%B5%D1%80%20%D0%BC%D0%BE%D0%BD%D1%82%D0%B0%D0%B6%201-2526x827.png","GucqxYKZOeszlqFYy/aU2A==":"mbr-1920x1224.jpg","9FP5Qx773PAmJCl7yfY5IA==":"1046x698-1.jpg","pl5SgRP54hb6CFilpSw+Mw==":"ramochnye-moskitnye-setka-3-1046x698.jpg","UwKnF2KLr/ocdf9gues7Jg==":"background5.jpg","oJQdtKQ2bdLajZtjcIzUUA==":"background3.jpg","7vw8LH2xOE6w0MerueyYZQ==":"background4.jpg","XGNVLA1iTz0xdeFbqv4zcw==":"a1-300x225.jpg","wCnJaTk4T+EagIft8jDZAw==":"balkonpvh-450x250.jpg","s9ajWeVzWD2XyyswyyE7og==":"balkonpvh-450x250.jpeg","aFLNFNDkKge/j4Nqr4J/7g==":"balkonpvh-1-450x250.jpeg","baLaCfsUEXDkfOiJ9aqvlg==":"1046x698-1.jpeg","AcMxG6ZA/PeCef9K1vTNbQ==":"balkonpvh-2-450x250.jpeg","S/L2gqnUySXbUVf823/yUg==":"type1-198x423.png","ETH5w/zi3/CENiXPCZCoKQ==":"type1-1-198x423.png","PUWWOsWDRxB/+aVhcOHoXQ==":"warm-glazing-click-500x400.png","CCpGc+OW9aXwU4L52xRbSw==":"2-1046x712.jpg","tSU8CP6PEvPaxtclnca97w==":"zasteklenie-1046x712.jpg","Dag/vlmtnDah2WgxRBaWWA==":"moskitnye-setki-na-okna-zelenograd_1x-676x451.jpg","ATtA4FTp3wTUET+3y/GDNw==":"plastikovye-okna-1-676x451.jpg","0CT+JeLFHgBlMhKDPTqDvQ==":"4533_0-1-1-676x451.jpg","JybFJjouURZTjf85QdIhWg==":"type21-197x191.png","EKUVaUgjcLULoT2zivkX3Q==":"type23-194x191.png","XNwomyJOBCMlVxTQD5xxSA==":"type21-1-197x191.png","78PM8ZlzL6QafP55ld5aeQ==":"type21-2-197x191.png","pSbRzmUZiUdwjMcvgrlJVA==":"type21-3-197x191.png","SRiWMFExndEXWgIYGx82ng==":"type21-4-197x191.png","1lLqniq1U47+G/q78STijQ==":"szunyoghalo-664x310.jpg","kXk+uGcBhQPiX/X5TcexVQ==":"moskitka-829x520.jpg","jZpMxawCT5FdEM+Jo01cSg==":"szunyoghalo-664x310.jpeg","KufmziAzzGw4D7Fgqz9DsA==":"34466-720x540.jpg","HgkQ8bi39avyJpfN9U+yeg==":"szunyoghalo-1-664x310.jpeg","iwDskrcto3e1j073AnZiKQ==":"34466-720x540.jpeg","DKOxCzTIXDTzGMXOQvCD/g==":"szunyoghalo-2-664x310.jpeg","9KuLA9+dgH2drxt9HZO3bQ==":"szunyoghalo-3-664x310.jpeg","/H6iowfAQJrAul5DasGyXg==":"szunyoghalo-4-664x310.jpeg","EQy3TduLjOcRuZcRq1HvhA==":"szunyoghalo-5-664x310.jpeg","WTqJnPJDqdHw2ecdBePcgg==":"555-537x401.jpg","cxQVqiPeddXGVxnGeI2TNQ==":"img-1156681c9a9c5d9ad6afe80f07cb96b3-v-910x920.jpg","gI76PgiG5cCy6Wcb61eDxQ==":"img-1156681c9a9c5d9ad6afe80f07cb96b3-v-910x920.jpeg","fgTvtnXQvbmpG8Y+QBwCCQ==":"img-1156681c9a9c5d9ad6afe80f07cb96b3-v-1-910x920.jpeg","ZaXWd/U7m47zre/uCz/ZAQ==":"img-1156681c9a9c5d9ad6afe80f07cb96b3-v-2-910x920.jpeg","BBs3R9PnajIF0Awnl6lE/A==":"screenshot_20230118-150127-1027x258.jpg","GQjK7MPTVtgBX/Dux2w6HA==":"f4bb5ae29ee9f6167987cb37650d3415-1230x550.png","VHAFpqhuh+UnS3q5BhJDQg==":"screenshot_20230118-150127-50x12.jpg","DvVYp4VVLdQaUqrBBE7ZLg==":"img-1156681c9a9c5d9ad6afe80f07cb96b3-v-3-910x920.jpeg","WnYlexFgb70Rjh1rv/ZfSg==":"l1-250x250.jpg","CXhbTzL1kyyaAXZbwsOBAA==":"l3-250x250.png","dhzveuBJu6ZSgpfwEflUFg==":"l2-250x250.jpg","xzx0HVC3evJtZur0beWPbQ==":"dzyfnk4wsaip_up-982x514.jpg","ceHqyo4OJQ+t13E7XjQ3sg==":"hbf7c0f239f184a4b949dfa2f7bccf069v-1500x1002.jpg","RrGIb3Rb2gYFVIi6fVsz2w==":"hbf7c0f239f184a4b949dfa2f7bccf069v-1500x1002.jpeg","tp5+ArVl885bjXyGuwwGjQ==":"hbf7c0f239f184a4b949dfa2f7bccf069v-1-1500x1002.jpeg","OWsecOjZ7acsHJ56VoJ1Aw==":"hbf7c0f239f184a4b949dfa2f7bccf069v-2-1500x1002.jpeg","hF+5fNVR252NKvqjp3mzzQ==":"img-1156681c9a9c5d9ad6afe80f07cb96b3-v-548x156.jpg","IsevjuUJV559iDGmzVW4aA==":"img-1156681c9a9c5d9ad6afe80f07cb96b3-v-548x156.jpeg","mjDXnmuqiiJ8ElRtFVRBPA==":"333-133x38.png","6kAGTY1Ac/gdhgf0ag4peg==":"img-1156681c9a9c5d9ad6afe80f07cb96b3-v-transformed-181x53.png","SFCW/ORuOa3dvwQoJVRvUg==":"123-181x53.png","XHWAsmcyiQHviJkG9uId0A==":"img-1156681c9a9c5d9ad6afe80f07cb96b3-v-removebg-preview-415x118.png","vv3Xq0nAR5nFjPLJL5o1tQ==":"%D0%9E%D0%BA%D0%BD%D0%B0%20%D0%9C%D0%B8%D1%80%D0%B0%20(1)-354x94.png","Njl6iVSNyFnnMKFVYbrD5w==":"%D0%9E%D0%BA%D0%BD%D0%B0%20%D0%9C%D0%B8%D1%80%D0%B0-357x66.png","k1el0QzG+GNFF5o5mW1y+w==":"%D0%9E%D0%BA%D0%BD%D0%B0_%D0%9C%D0%B8%D1%80%D0%B0-removebg-preview-357x66.png","HDNnQvtiZWISvg0Oz59aVQ==":"%D0%9E%D0%BA%D0%BD%D0%B0_%D0%9C%D0%B8%D1%80%D0%B0__1_-removebg-preview-202x49.png","rXJvOylQV1F5sSZtd7fnPw==":"%D0%9E%D0%BA%D0%BD%D0%B0_%D0%9C%D0%B8%D1%80%D0%B0-removebg-preview-119x37.png","859M+JVfimh5VlxuOpNtlw==":"%D0%9E%D0%BA%D0%BD%D0%B0%20%D0%9C%D0%B8%D1%80%D0%B0-144x43.png","/fk4aWRl/cHvjAoBT5A94g==":"%D0%9E%D0%BA%D0%BD%D0%B0%20%D0%9C%D0%B8%D1%80%D0%B0-176x45.png","KS2FVyqNKr0EogO+IOPPNg==":"%D0%9E%D0%BA%D0%BD%D0%B0%20%D0%9C%D0%B8%D1%80%D0%B0%20(1)-174x44.png","LaCwH2hXIAwBjYMOcfRK1Q==":"%D0%9E%D0%BA%D0%BD%D0%B0%20%D0%9C%D0%B8%D1%80%D0%B0-192x38.png","O4K6nndqZm8IEaLDSkt4Ng==":"%D0%9E%D0%BA%D0%BD%D0%B0%20%D0%9C%D0%B8%D1%80%D0%B0-44x12.png","MHp+IbSzxBz6NgYSUtikKA==":"%D0%9E%D0%BA%D0%BD%D0%B0%20%D0%9C%D0%B8%D1%80%D0%B0%20(2)-379x70.png","3nsGxsU9TtCsq0P2jpxIcQ==":"%D0%9E%D0%BA%D0%BD%D0%B0%20%D0%9C%D0%B8%D1%80%D0%B0-318x59.png","zaEEp3ES+67LIHpu3M/xAA==":"%D0%9E%D0%BA%D0%BD%D0%B0%20%D0%9C%D0%B8%D1%80%D0%B0%20(1)-227x52.png","VqpwXfymmGnNYeWlqYGvgA==":"%D0%9E%D0%BA%D0%BD%D0%B0%20%D0%9C%D0%B8%D1%80%D0%B0-195x46.png"}